<?xml version="1.0" encoding="utf-8"?>
<rss version="2.0" xmlns:ee_addon="http://expressionengine-addons.com/nsm_addon_updater/#rss-xml">
	<channel>
		<title>Pic Puller for Instagram Changelog</title>
		<link>http://static.supergeekery.com/nsm_addon_updater/changelog_ig_picpuller.xml</link>
		<description>Build an Instagram app with built in image browsing into ExpressionEngine</description>
		<item>
			<title>Version 1.5.3</title>
			<!-- Additional tag required for NSM Addon Updater -->
			<ee_addon:version>1.5.2</ee_addon:version>
			<link>http://devot-ee.com/add-ons/pic-puller-for-instagram</link>
			<pubDate>Tues, 04 Feb 2014 17:00:00 +0500</pubDate>
			<description><![CDATA[
				<ul>
					<li>Added shortcut to Field Type. You can now find an Instagram Media ID by pasting the URL into a Pic Puller Fieldtype field and clicking the search button.</li> 
					<li>Fixed missing language definition for 'display_ft_input_field_text'</li>
				</ul>
			]]></description>
		</item>
		<item>
			<title>Version 1.5.2</title>
			<!-- Additional tag required for NSM Addon Updater -->
			<ee_addon:version>1.5.2</ee_addon:version>
			<link>http://devot-ee.com/add-ons/pic-puller-for-instagram</link>
			<pubDate>Mon, 14 Oct 2013 12:00:00 +0500</pubDate>
			<description><![CDATA[
				<ul>
					<li>Pic Puller Image browser now works with Safe Cracker. Your Instagram Image browser can now be used on the front end of your site to allow site members to access Instagram.</li>
					<li>New tag, exp:ig_picpuller:userauthorized, returns "1" when logged in user has authorized Pic Puller app with Instagram.</li>
					<li>Pic Puller Image Browser field type option added to turn off the "media id" field.</li>
				</ul>
			]]></description>
		</item>
		<item>
			<title>Version 1.5.1</title>
			<!-- Additional tag required for NSM Addon Updater -->
			<ee_addon:version>1.5.1</ee_addon:version>
			<link>http://devot-ee.com/add-ons/pic-puller-for-instagram</link>
			<pubDate>Wed, 30 July 2013 18:18:00 +0500</pubDate>
			<description><![CDATA[
				<ul>
					<li>Unreleased private beta.</li>
				</ul>
			]]></description>
		</item>
		<item>
			<title>Version 1.5.0</title>
			<!-- Additional tag required for NSM Addon Updater -->
			<ee_addon:version>1.5.0</ee_addon:version>
			<link>http://devot-ee.com/add-ons/pic-puller-for-instagram</link>
			<pubDate>Sat, 22 June 2013 10:15:00 +0500</pubDate>
			<description><![CDATA[
				<ul>
					<li>Add-on wide support for Instagram video</li>
					<li>Fieldtype supports video</li>
					<li>Fieldtype now includes ability to preview full size image or video.</li>
					<li>New module tag, "type", returns "video" or "image" to indicate type of media</li>
					<li>New module tag, "ig_video_low_resolution" provide URL of video 480x480 video assets</li>
					<li>New module tag, "ig_video_standard_resolution" provide URL of 640x640 video assets</li>
				</ul>
			]]></description>
		</item>
		<item>
			<title>Version 1.4.6</title>
			<!-- Additional tag required for NSM Addon Updater -->
			<ee_addon:version>1.4.6</ee_addon:version>
			<link>http://devot-ee.com/add-ons/pic-puller-for-instagram</link>
			<pubDate>Sat, 25 May 2013 10:00:00 +0500</pubDate>
			<description><![CDATA[
				<ul>
					<li>Added check for the URL_THIRD_THEMES constant being set.</li>
					<li>Replaced "cp->set_variable" method marked as deprecated for as of EE 2.6.0 in control panel file</li>
					<li>Added check for valid "meta" object when parsing data received from Instagram</li>
				</ul>
			]]></description>
		</item>
		<item>
			<title>Version 1.4.5</title>
			<!-- Additional tag required for NSM Addon Updater -->
			<ee_addon:version>1.4.5</ee_addon:version>
			<link>http://devot-ee.com/add-ons/pic-puller-for-instagram</link>
			<pubDate>Tues, 29 January 2013 16:35:00 +0500</pubDate>
			<description><![CDATA[
				<ul>
					<li>Fieldtype gets more love. Now preview your images within the control panel for each entry.</li>
					<li>Compatibility with Better Work Flow added, http://betterworkflow.electricputty.co.uk/</li>
					<li>Fieldtype now shows the username of the photographer. Useful since you can now search all of Instagram, not just your own photos.</li>
					<li>The loading indicator, which disappeared in the 1.2.0 version update, comes back from a long vacation.</li>
					<li>Fieldtype written to allow for JS callbacks. PicPullerIG.bind and PicPullerIG.unbind allow you access each preview frame in the control panel.</li>
					<li>Sample: PicPullerIG.bind('myUniqueIdentifier1234', 'afterThumbnailGeneration', function() {this.css('backgroundColor', '#66ff33');});</li>
					<li>Each fieldtype preview frame includes new data elements that can be useful for your callback functions.</li>
					<li>data-id: the Instagram ID of the image </li>
					<li>data-username: the Instagram username of the photo creator</li>
					<li>data-profile_picture: the URL of to the profile image of the creator</li>
					<li>data-fullurl: the link to the photo page on Instagram</li>
				</ul>
			]]></description>
		</item>
		<item>
			<title>Version 1.4.4</title>
			<!-- Additional tag required for NSM Addon Updater -->
			<ee_addon:version>1.4.4</ee_addon:version>
			<link>http://devot-ee.com/add-ons/pic-puller-for-instagram</link>
			<pubDate>Tues, 15 January 2013 16:35:00 +0500</pubDate>
			<description><![CDATA[
				<ul>
					<li>Privated unreleased version.</li>
				</ul>
			]]></description>
		</item>
		<item>
			<title>Version 1.4.3</title>
			<!-- Additional tag required for NSM Addon Updater -->
			<ee_addon:version>1.4.3</ee_addon:version>
			<link>http://devot-ee.com/add-ons/pic-puller-for-instagram</link>
			<pubDate>Tues, 09 January 2013 10:30:00 +0500</pubDate>
			<description><![CDATA[
				<ul>
					<li>Fixed some PHP warnings showing up in the Pic Puller fieldtype. Thanks Alex G!</li>
					<li>CSS update for fieldtype updated to prevent scrolling when there weren't enough images to justify scrolling.</li>
				</ul>
			]]></description>
		</item>

		<item>
			<title>Version 1.4.2</title>
			<!-- Additional tag required for NSM Addon Updater -->
			<ee_addon:version>1.4.2</ee_addon:version>
			<link>http://devot-ee.com/add-ons/pic-puller-for-instagram</link>
			<pubDate>Tues, 02 January 2013 18:10:00 +0500</pubDate>
			<description><![CDATA[
				<ul>
					<li>Fixed an issue where PHP Warning would show up on authorization confirmation screen.</li>
				</ul>
			]]></description>
		</item>

		<item>
			<title>Version 1.4.1</title>
			<!-- Additional tag required for NSM Addon Updater -->
			<ee_addon:version>1.4.1</ee_addon:version>
			<link>http://devot-ee.com/add-ons/pic-puller-for-instagram</link>
			<pubDate>Tues, 27 December 2012 15:33:33 +0500</pubDate>
			<description><![CDATA[
				<ul>
					<li>Fixed an issue where pre-existing field type, made prior to version 1.4.0 of Pic Puller, would display global preference instead of local preference in the edit screen.</li>
				</ul>
			]]></description>
		</item>

		<item>
			<title>Version 1.4.0</title>
			<!-- Additional tag required for NSM Addon Updater -->
			<ee_addon:version>1.4.0</ee_addon:version>
			<link>http://devot-ee.com/add-ons/pic-puller-for-instagram</link>
			<pubDate>Tues, 25 December 2012 20:40:00 +0500</pubDate>
			<description><![CDATA[
				<ul>
					<li>Pic Puller for Instagram Browser field type updated.</li>
					<li>Field type now supports tag search of all Instagram</li>
					<li>Cosmetic updates to field type in control panel</li>
					<li>Updated preferences to allow or disallow browsing of user's Instgram stream and the search functionality on a per instance basis</li>
					<li>Field type no longer requires PHP 'short_open_tag' be enabled. </li>
				</ul>
			]]></description>
		</item>

		<item>
			<title>Version 1.3.1</title>
			<!-- Additional tag required for NSM Addon Updater -->
			<ee_addon:version>1.3.1</ee_addon:version>
			<link>http://devot-ee.com/add-ons/pic-puller-for-instagram</link>
			<pubDate>Sat, 13 October 2012 15:13:00 +0500</pubDate>
			<description><![CDATA[
				<ul>
					<li>Updated pagination for tagged_media to use 'next_max_id' instead of 'next_max_tag_id' due to 'next_max_tag_id' being deprecated in the Instagram API.</li>
				</ul>
			]]></description>
		</item>
		<item>
			<title>Version 1.3.0</title>
			<!-- Additional tag required for NSM Addon Updater -->
			<ee_addon:version>1.3.0</ee_addon:version>
			<link>http://devot-ee.com/add-ons/pic-puller-for-instagram</link>
			<pubDate>Sat, 08 September 2012 18:23:00 +0500</pubDate>
			<description><![CDATA[
				<ul>
					<li>All tags returned by Pic Puller are now prefixed with 'ig_' to avoid naming conflicts. Those updating, please read special note in your downloaded ZIP file on how to keep your current templates working properly.</li>
					<li>The default prefix 'ig_' can be reset to different string under the 'Active Site App Info' on a per application basis. Each Pic Puller app, in an MSM set up, can have its own prefix.</li>
					<li>New tag added to all return loops. 'ig_cacheddata' will respond 'yes' when cached data is being returned, and 'no' when live data from Instagram is being returned.</li>
					<li>The verbiage of some error messages were rewritten to indicate when cached data was not available.</li>
					<li>In "Pic Puller for Instagram Browser", updated pp_engine with missing curl_close.</li>

				</ul>
			]]></description>
		</item>
		<item>
			<title>Version 1.2.0</title>
			<!-- Additional tag required for NSM Addon Updater -->
			<ee_addon:version>1.2.0</ee_addon:version>
			<link>http://devot-ee.com/add-ons/pic-puller-for-instagram</link>
			<pubDate>Fri, 17 August 2012 12:46:00 +0500</pubDate>
			<description><![CDATA[
				<ul>
					<li>exp:ig_picpuller:media tag now returns number of 'likes' for an image and the 'comment_count' for an image.</li>
					<li>exp:ig_picpuller:media_recent tag now returns number of 'likes' for an image and the 'comment_count' for an image.</li>
					<li>exp:ig_picpuller:user_liked tag now returns number of 'likes' for an image and the 'comment_count' for an image.</li>
					<li>exp:ig_picpuller:user_feed tag now returns number of 'likes' for an image and the 'comment_count' for an image.</li>
					<li>exp:ig_picpuller:media_tagged tag now returns number of 'likes' for an image and the 'comment_count' for an image.</li>
					<li>exp:ig_picpuller:popular tag now returns number of 'likes' for an image and the 'comment_count' for an image.</li>
					<li>Updated link to Instagram site for removal of user applications after user has removed authorization from within ExpressionEngine.</li>
					<li>Introduction of "Advanced" tab to module.</li>
					<li>First "Advanced" option: alternate method of validating with Instagram.</li>
					<li>In "Pic Puller for Instagram Browser", changed from "file_get_contents" method to "cURL" method for retrieving images in the  fieldtype display. </li>
					<li>In "Pic Puller for Instagram Browser", Colorbox javascript updated to isolate it from other modules' use of the same library. (For example, the add-on Channel Images had CSS that would conflict with Pic Puller CSS files.)</li>
					<li>Removed extraneous CSS files from "Pic Puller for Instagram Browser" theme.</li>
				</ul>
			]]></description>
		</item>
		<item>
			<title>Version 1.1.0</title>
			<!-- Additional tag required for NSM Addon Updater -->
			<ee_addon:version>1.1.0</ee_addon:version>
			<link>http://devot-ee.com/add-ons/pic-puller-for-instagram</link>
			<pubDate>Thurs, 12 May 2012 17:03:00 +0500</pubDate>
			<description><![CDATA[
				<ul>
					<li>Updated PP to be compatible with MSM</li>
					<li>Various updates to admin panel to help users with the control panel know which site Pic Puller is dealing with when managing multiple Instagram applications.</li>
					<li>Minor language and visual tweaks in the control panel for consistency.</li>
					<li>Updates to Instagram management URLs that changed after Facebook's acquisition of Instagram.</li>
				</ul>
			]]></description>
		</item>
		<item>
			<title>Version 1.0.1</title>
			<!-- Additional tag required for NSM Addon Updater -->
			<ee_addon:version>1.0.1</ee_addon:version>
			<link>http://devot-ee.com/add-ons/pic-puller-for-instagram</link>
			<pubDate>Thurs, 01 Mar 2012 13:33:00 +0500</pubDate>
			<description><![CDATA[
				<ul>
					<li>Fixed incorrect reporting of longitude information for some functions.</li>
				</ul>
			]]></description>
		</item>
		<item>
			<title>Version 1.0.0</title>
			<!-- Additional tag required for NSM Addon Updater -->
			<ee_addon:version>1.0.0</ee_addon:version>
			<link>http://devot-ee.com/add-ons/pic-puller-for-instagram</link>
			<pubDate>Wed, 29 Feb 2012 14:14:00 +0500</pubDate>
			<description><![CDATA[
				<ul>
					<li>New fieldtype, Pic Puller for Instagram Browser, added to browse a user's Instagram feed. </li>
					<li>Fieldtype compatible with Matrix.</li>
					<li>Module update to help manage cache files created. Pic Puller will now only keep the 25 most recently created cache files.</li>
					<li>CSS updates in module for visual consistency.</li>
				</ul>
			]]></description>
		</item>
		<item>
			<title>Version 0.9.2</title>
			<!-- Additional tag required for NSM Addon Updater -->
			<ee_addon:version>0.9.2</ee_addon:version>
			<link>http://picpuller.com/</link>
			<pubDate>Sat, 04 Feb 2012 13:16:00 +0500</pubDate>
			<description><![CDATA[
				<ul>
					<li>Added support for authorizing logged in members from the front end of ExpressionEngine site.</li>
				</ul>
			]]></description>
		</item>

		<item>
			<title>Version 0.9.1</title>
			<!-- Additional tag required for NSM Addon Updater -->
			<ee_addon:version>0.9.1</ee_addon:version>
			<link>http://devot-ee.com/add-ons/pic-puller-for-instagram</link>
			<pubDate>Wed, 28 Jan 2012 00:00:00 +0500</pubDate>
			<description><![CDATA[
				<ul>
					<li>Added 'media' tag to retrieve individual media by Instagram ID.</li>
				</ul>
			]]></description>
		</item>

		<item>
			<title>Version 0.9.0</title>
			<!-- Additional tag required for NSM Addon Updater -->
			<ee_addon:version>0.9.0</ee_addon:version>
			<link>http://devot-ee.com/add-ons/pic-puller-for-instagram</link>
			<pubDate>Wed, 24 Jan 2012 18:32:00 +0500</pubDate>
			<description><![CDATA[
				<ul>
					<li>Initial release.</li>
				</ul>
			]]></description>
		</item>
	</channel>
</rss>